﻿Survey Name,Kore User ID,Channel ID,Session ID,Channel,Language,Score,Date & Time,Comments
userFeedbackSurvey,u-8683f96f-2fac-566c-8d38-1ddd1767eeb4,cs-f71480d2-ba1c-58db-a5ae-136adcc574c5/04dc707e-0fbc-49d3-af9c-917faa00107fff2ef599-4325-4991-82dd-6a3dd266ca8d,6555b3fd33545623f4b6d475,Web/Mobile Client,English,10,Nov-16-2023 11:54 AM,"",
userFeedbackSurvey,u-5b9ce4a1-cee4-5558-800d-6653d8529276,saikat_mukhopadhyay@persistent.com,655350b0015af3a32ed29ded,Web/Mobile Client,English,8,Nov-14-2023 04:29 PM,"",
userFeedbackSurvey,u-5b9ce4a1-cee4-5558-800d-6653d8529276,saikat_mukhopadhyay@persistent.com,65531707b05b3061835e0292,Web/Mobile Client,English,2,Nov-14-2023 12:15 PM,"bot is not interactive enough",
userFeedbackSurvey,u-5b9ce4a1-cee4-5558-800d-6653d8529276,saikat_mukhopadhyay@persistent.com,65531707b05b3061835e0292,Web/Mobile Client,English,7,Nov-14-2023 12:13 PM,"",
